{
  "3. Get Cars" : {
    "transaction" : "3. Get Cars",
    "sampleCount" : 100,
    "errorCount" : 0,
    "errorPct" : 0.0,
    "meanResTime" : 25.289999999999996,
    "medianResTime" : 23.0,
    "minResTime" : 17.0,
    "maxResTime" : 71.0,
    "pct1ResTime" : 33.900000000000006,
    "pct2ResTime" : 42.0,
    "pct3ResTime" : 70.96999999999998,
    "throughput" : 10.653030787258976,
    "receivedKBytesPerSec" : 856.4870299350165,
    "sentKBytesPerSec" : 2.0286533237456057
  },
  "Total" : {
    "transaction" : "Total",
    "sampleCount" : 300,
    "errorCount" : 0,
    "errorPct" : 0.0,
    "meanResTime" : 37.783333333333374,
    "medianResTime" : 30.0,
    "minResTime" : 17.0,
    "maxResTime" : 329.0,
    "pct1ResTime" : 44.0,
    "pct2ResTime" : 84.29999999999984,
    "pct3ResTime" : 223.85000000000014,
    "throughput" : 30.867373186541823,
    "receivedKBytesPerSec" : 2831.1470283722606,
    "sentKBytesPerSec" : 5.837872337689063
  },
  "2. Get Hotels" : {
    "transaction" : "2. Get Hotels",
    "sampleCount" : 100,
    "errorCount" : 0,
    "errorPct" : 0.0,
    "meanResTime" : 44.510000000000005,
    "medianResTime" : 32.5,
    "minResTime" : 24.0,
    "maxResTime" : 225.0,
    "pct1ResTime" : 47.900000000000006,
    "pct2ResTime" : 178.5499999999999,
    "pct3ResTime" : 224.99,
    "throughput" : 10.531858873091101,
    "receivedKBytesPerSec" : 1002.1721958925751,
    "sentKBytesPerSec" : 2.0261486308583465
  },
  "1. Get Flights" : {
    "transaction" : "1. Get Flights",
    "sampleCount" : 100,
    "errorCount" : 0,
    "errorPct" : 0.0,
    "meanResTime" : 43.550000000000004,
    "medianResTime" : 33.0,
    "minResTime" : 24.0,
    "maxResTime" : 329.0,
    "pct1ResTime" : 51.900000000000006,
    "pct2ResTime" : 126.2499999999996,
    "pct3ResTime" : 327.7999999999994,
    "throughput" : 10.360547036883547,
    "receivedKBytesPerSec" : 1031.9570263934936,
    "sentKBytesPerSec" : 1.9122494042685456
  }
}