{
  "3. Get Cars" : {
    "transaction" : "3. Get Cars",
    "sampleCount" : 100,
    "errorCount" : 0,
    "errorPct" : 0.0,
    "meanResTime" : 38.999999999999986,
    "medianResTime" : 19.0,
    "minResTime" : 14.0,
    "maxResTime" : 240.0,
    "pct1ResTime" : 134.40000000000043,
    "pct2ResTime" : 224.0,
    "pct3ResTime" : 239.98,
    "throughput" : 10.895619960775768,
    "receivedKBytesPerSec" : 875.9802865888537,
    "sentKBytesPerSec" : 2.0748495042492916
  },
  "Total" : {
    "transaction" : "Total",
    "sampleCount" : 300,
    "errorCount" : 0,
    "errorPct" : 0.0,
    "meanResTime" : 27.97666666666667,
    "medianResTime" : 10.0,
    "minResTime" : 5.0,
    "maxResTime" : 372.0,
    "pct1ResTime" : 29.900000000000034,
    "pct2ResTime" : 207.39999999999986,
    "pct3ResTime" : 319.9000000000001,
    "throughput" : 31.055900621118013,
    "receivedKBytesPerSec" : 2848.409294934006,
    "sentKBytesPerSec" : 5.873528079710145
  },
  "2. Get Hotels" : {
    "transaction" : "2. Get Hotels",
    "sampleCount" : 100,
    "errorCount" : 0,
    "errorPct" : 0.0,
    "meanResTime" : 21.949999999999996,
    "medianResTime" : 8.0,
    "minResTime" : 5.0,
    "maxResTime" : 320.0,
    "pct1ResTime" : 14.900000000000006,
    "pct2ResTime" : 114.94999999999999,
    "pct3ResTime" : 319.9,
    "throughput" : 10.680337498664958,
    "receivedKBytesPerSec" : 1016.2908522909324,
    "sentKBytesPerSec" : 2.0547133664423796
  },
  "1. Get Flights" : {
    "transaction" : "1. Get Flights",
    "sampleCount" : 100,
    "errorCount" : 0,
    "errorPct" : 0.0,
    "meanResTime" : 22.98,
    "medianResTime" : 8.0,
    "minResTime" : 6.0,
    "maxResTime" : 372.0,
    "pct1ResTime" : 13.900000000000006,
    "pct2ResTime" : 140.24999999999892,
    "pct3ResTime" : 371.7499999999999,
    "throughput" : 10.374520178441747,
    "receivedKBytesPerSec" : 1033.3390879499948,
    "sentKBytesPerSec" : 1.9148284313725492
  }
}