{
  "3. Get Cars" : {
    "transaction" : "3. Get Cars",
    "sampleCount" : 100,
    "errorCount" : 0,
    "errorPct" : 0.0,
    "meanResTime" : 33.029999999999994,
    "medianResTime" : 17.0,
    "minResTime" : 15.0,
    "maxResTime" : 253.0,
    "pct1ResTime" : 24.900000000000006,
    "pct2ResTime" : 192.95,
    "pct3ResTime" : 252.99,
    "throughput" : 10.770059235325794,
    "receivedKBytesPerSec" : 865.8855218430264,
    "sentKBytesPerSec" : 2.05093901453958
  },
  "Total" : {
    "transaction" : "Total",
    "sampleCount" : 300,
    "errorCount" : 0,
    "errorPct" : 0.0,
    "meanResTime" : 22.63666666666667,
    "medianResTime" : 8.0,
    "minResTime" : 5.0,
    "maxResTime" : 309.0,
    "pct1ResTime" : 20.900000000000034,
    "pct2ResTime" : 152.8499999999995,
    "pct3ResTime" : 252.99,
    "throughput" : 30.943785456420837,
    "receivedKBytesPerSec" : 2838.1261281588445,
    "sentKBytesPerSec" : 5.852324007220217
  },
  "2. Get Hotels" : {
    "transaction" : "2. Get Hotels",
    "sampleCount" : 100,
    "errorCount" : 0,
    "errorPct" : 0.0,
    "meanResTime" : 16.220000000000002,
    "medianResTime" : 7.0,
    "minResTime" : 5.0,
    "maxResTime" : 194.0,
    "pct1ResTime" : 10.900000000000006,
    "pct2ResTime" : 106.94999999999999,
    "pct3ResTime" : 193.89999999999995,
    "throughput" : 10.567473317129874,
    "receivedKBytesPerSec" : 1005.5511226289233,
    "sentKBytesPerSec" : 2.03300023776815
  },
  "1. Get Flights" : {
    "transaction" : "1. Get Flights",
    "sampleCount" : 100,
    "errorCount" : 0,
    "errorPct" : 0.0,
    "meanResTime" : 18.659999999999993,
    "medianResTime" : 7.0,
    "minResTime" : 6.0,
    "maxResTime" : 309.0,
    "pct1ResTime" : 10.900000000000006,
    "pct2ResTime" : 108.74999999999926,
    "pct3ResTime" : 308.90999999999997,
    "throughput" : 10.340192327577293,
    "receivedKBytesPerSec" : 1029.9199119791128,
    "sentKBytesPerSec" : 1.9084925292110435
  }
}